Observation,Year,Field,Variety,Maturity,Acres,String,String Count,Target VPM,Target Hrs,Acutal Hrs,Actual VPM,VPM Per Machine,Machine Type
1,2019,52,Simcoe,mature,8.88,3,23682.96,75,5.26288,4.8,82.2325,41.11625,PH
1,2019,7 east,Equinox,mature,10.63,2,18900.14,50,6.300046667,5.33,59.09987492,29.54993746,PH
1,2019,1,Citra,mature,18.78,2.5,41738.55,64,10.86941406,12.16,57.20744243,28.60372122,PH
1,2019,72,YCR,mature,18.58,2,33035.24,50,11.01174667,6.92,79.56464355,39.78232177,PH
1,2019,77,HBC 682,babies,22.97,2,40840.66,60,11.34462778,10.66,63.85343965,31.92671982,PH
1,2019,7 west,Equinox,mature,19.2,2,34137.6,50,11.3792,12.16,46.78947368,23.39473684,PH
1,2019,70,Mosaic,babies,33.61,2,59758.58,75,13.27968444,15,66.39842222,33.19921111,PH
1,2019,71,Mosaic,babies,34.14,2,60700.92,75,13.48909333,10.67,94.81555764,47.40777882,PH
1,2019,76,Ahtanum,mature,23.3,2,41427.4,50,13.80913333,25.58,26.99205108,13.49602554,PH
1,2019,61,Mosaic,mature,21.52,2,38262.56,45,14.17131852,16.5,38.64905051,19.32452525,PH
1,2019,24,Citra,mature,24.62,2.5,54717.95,64,14.24946615,12.5,72.95726667,36.47863333,PH
1,2019,6,Simcoe,mature,25.26,3,67368.42,75,14.97076,12.5,89.82456,44.91228,PH
1,2019,# 81,Simcoe,mature,33.99,2.5,75542.775,80,15.73807813,23.33,53.96683455,26.98341727,PH
1,2019,52,Citra,mature,22.79,3,60780.93,64,15.82836719,16,63.31346875,31.65673438,PH
1,2019,# 82,Simcoe,mature,35.14,2.5,78098.65,80,16.27055208,24.67,52.76222808,26.38111404,PH
1,2019,# 47,Simcoe,babies,44.83,2,79707.74,80,16.60577917,11.17,118.9312742,59.46563712,PH
1,2019,79,HBC 682,babies,33.96,2,60380.88,60,16.77246667,14.16,71.06977401,35.53488701,PH
1,2019,68,HBC 682,babies,35.4,2,62941.2,60,17.48366667,13.5,77.70518519,38.85259259,PH
1,2019,65,Mosaic,mature,27.25,2,48450.5,45,17.94462963,20.25,39.87695473,19.93847737,PH
1,2019,# 16,Simcoe,mature,31.23,3,83290.41,75,18.50898,19.5,71.18838462,35.59419231,PH
1,2019,75,Ahtanum,mature,32.64,2,58033.92,50,19.34464,35,27.6352,13.8176,PH
1,2019,67,HBC 682,mature,36.02,2,64043.56,55,19.40713939,15.92,67.04727806,33.52363903,PH
1,2019,59,Citra,mature,33.6,2.5,74676,64,19.446875,21.84,56.98717949,28.49358974,PH
1,2019,60,Citra,mature,33.6,2.5,74676,64,19.446875,20.5,60.71219512,30.35609756,PH
1,2019,50,HBC 682,mature,33.54,2,59634.12,50,19.87804,16.83,59.0553773,29.52768865,PH
1,2019,53,Simcoe,mature,33.57,3,89531.19,75,19.89582,24.84,60.07192029,30.03596014,PH
1,2019,63,Citra,mature,34.72,2.5,77165.2,64,20.09510417,18.5,69.5181982,34.7590991,PH
1,2019,# 15,Simcoe,mature,34.65,3,92411.55,75,20.5359,18.5,83.25364865,41.62682432,PH
1,2019,Waterberry,Citra,mature,35.76,2.5,79476.6,64,20.69703125,22.83,58.02058695,29.01029347,PH
1,2019,2,Citra,mature,36.2,2.5,80454.5,64,20.95169271,24.67,54.35380354,27.17690177,PH
1,2019,5,Simcoe,mature,35.65,3,95078.55,75,21.12856667,24.33,65.13121661,32.5656083,PH
1,2019,3,Simcoe,mature,36.44,3,97185.48,75,21.59677333,22.33,72.53730408,36.26865204,PH
1,2019,74,Simcoe,mature,35.82,2.5,79609.95,60,22.113875,27.17,48.83446816,24.41723408,PH
1,2019,62,Mosaic,mature,34.84,2,61945.52,45,22.94278519,29.01,35.58860163,17.79430082,PH
1,2019,66,Mosaic,mature,35.51,2,63136.78,45,23.38399259,26.17,40.20938734,20.10469367,PH
1,2019,73,Mosaic,mature,36.73,2,65305.94,45,24.18738519,29.92,36.37808601,18.189043,PH
1,2020,# 14,Simcoe,mature,18.19,3,48512.73,75,10.78060667,8.66,93.36553118,46.68276559,PH
1,2020,# 15,Simcoe,mature,34.65,3,92411.55,75,20.5359,14.49,106.2934783,53.14673913,PH
1,2020,# 16,Simcoe,mature,31.23,3,83290.41,75,18.50898,19,73.06176316,36.53088158,PH
1,2020,3,Simcoe,mature,36.44,3,97185.48,75,21.59677333,19.16,84.53851775,42.26925887,PH
1,2020,# 47,Simcoe,mature,44.83,3,119561.61,75,26.56924667,22.79,87.43718736,43.71859368,PH
1,2020,53,Simcoe,mature,33.57,3,89531.19,75,19.89582,17,87.77567647,43.88783824,PH
1,2020,6,Simcoe,babies,8.25,2,14668.5,75,3.259666667,4.58,53.37882096,26.68941048,PH
1,2020,74,Simcoe,mature,35.82,2.5,79609.95,75,17.6911,20.33,65.26475652,32.63237826,PH
1,2020,# 81,Simcoe,mature,33.99,2.5,75542.775,75,16.78728333,15.67,80.34755903,40.17377951,PH
1,2020,# 82,Simcoe,mature,35.14,2.5,78098.65,75,17.35525556,18.17,71.63699321,35.81849661,PH
1,2020,14,Mosaic,mature,16.45,3,43872.15,40,18.2800625,7.5,97.49366667,97.49366667,PH
1,2020,17,Mosaic,mature,31.13,2,55349.14,40,23.06214167,19.17,48.12131803,48.12131803,PH
1,2020,61,Mosaic,mature,22.48,2,39969.44,40,16.65393333,12.5,53.29258667,26.64629333,PH
1,2020,62,Mosaic,mature,34.84,2,61945.52,40,25.81063333,19.83,52.06380904,26.03190452,PH
1,2020,65,Mosaic,mature,27.25,2,48450.5,40,20.18770833,14.75,54.74632768,27.37316384,PH
1,2020,69,Mosaic,mature,37.38,2,66461.64,40,27.69235,20.42,54.24554358,27.12277179,PH
1,2020,70,Mosaic,mature,33.61,2,59758.58,40,24.89940833,20.84,47.7915707,23.89578535,PH
1,2020,71,Mosaic,mature,34.14,2,60700.92,40,25.29205,19.34,52.31034126,26.15517063,PH
1,2020,73,Mosaic,mature,36.73,2,65305.94,40,27.21080833,17.34,62.77003076,31.38501538,PH
1,2020,50,HBC 682,mature,33.54,2,59634.12,60,16.56503333,14.5,68.54496552,34.27248276,PH
1,2020,67,HBC 682,mature,36.02,2,64043.56,60,17.78987778,19.75,54.04519831,27.02259916,PH
1,2020,68,HBC 682,mature,35.4,2,62941.2,60,17.48366667,20.84,50.33685221,25.1684261,PH
1,2020,77,HBC 682,mature,22.97,2,40840.66,60,11.34462778,17.34,39.2547674,19.6273837,PH
1,2020,79,HBC 682,mature,33.96,2,60380.88,60,16.77246667,20.67,48.68640542,24.34320271,PH
1,2020,Loc-40,HBC 682,mature,17.56,2.5,39027.1,60,10.84086111,8.08,80.50144389,80.50144389,PH
1,2020,Whitener,HBC 682,babies,32.45,2,57696.1,70,13.73716667,9.83,97.82316039,97.82316039,PH
1,2020,1,Citra,mature,18.78,2.5,41738.55,60,11.59404167,8.84,78.6925905,39.34629525,PH
1,2020,24,Citra,mature,24.62,2.5,54717.95,60,15.19943056,10,91.19658333,45.59829167,PH
1,2020,59,Citra,mature,33.6,2.5,74676,60,20.74333333,15.17,82.04350692,41.02175346,PH
1,2020,60,Citra,mature,33.6,2.5,74676,60,20.74333333,13.5,92.19259259,46.0962963,PH
1,2020,63,Citra,mature,34.72,3,92598.24,65,23.74313846,13.66,112.979795,56.48989751,PH
1,2020,2,Citra,mature,36.2,2.5,80454.5,65,20.62935897,14.25,94.09883041,47.0494152,PH
1,2020,Waterberry,Citra,mature,35.76,2.5,79476.6,60,22.07683333,14.92,88.7808311,44.39041555,PH
1,2020,64,Citra,babies,17.31,2,30777.18,65,7.891584615,5.66,90.62773852,45.31386926,PH
1,2021,# 14,Simcoe,mature,18.19,3,48512.73,80,10.10681875,9,89.83838889,44.91919444,PH
1,2021,# 15,Simcoe,mature,34.65,3,92411.55,80,19.25240625,15.75,97.79,48.895,PH
1,2021,# 16,Simcoe,mature,26.06,3,69502.02,80,14.4795875,14.25,81.28891228,40.64445614,PH
1,2021,3,Simcoe,mature,36.44,3,97185.48,80,20.246975,15.5,104.5005161,52.25025806,PH
1,2021,# 47,Simcoe,mature,44.83,3,119561.61,80,24.90866875,24.5,81.33442857,40.66721429,PH
1,2021,53,Simcoe,mature,33.57,3,89531.19,80,18.65233125,17.25,86.50356522,43.25178261,PH
1,2021,74,Simcoe,mature,35.82,2.5,79609.95,80,16.58540625,15.5,85.60209677,42.80104839,PH
1,2021,# 81,Simcoe,mature,33.99,2.5,75542.775,80,15.73807813,21,59.95458333,29.97729167,PH
1,2021,# 82,Simcoe,mature,35.14,2.5,78098.65,80,16.27055208,20.5,63.4948374,31.7474187,PH
1,2021,4,Simcoe,babies,2.6,1,2311.4,80,0.481541667,0.33,116.7373737,58.36868687,PH
1,2021,11,Simcoe,babies,10.4,1,9245.6,80,1.926166667,1.3,118.5333333,59.26666667,PH
1,2021,75,Ahtanum,mature,32.64,2,58033.92,24,40.30133333,27.5,35.17207273,17.58603636,PH
1,2021,14,Mosaic,mature,15.88,3,42351.96,50,14.11732,9.25,76.30983784,38.15491892,PH
1,2021,17,Mosaic,mature,31.13,2,55349.14,60,15.37476111,16,57.65535417,28.82767708,PH
1,2021,61,Mosaic,mature,22.48,2,39969.44,50,13.32314667,16.5,40.37317172,20.18658586,PH
1,2021,65,Mosaic,mature,27.25,2,48450.5,50,16.15016667,20.75,38.91606426,19.45803213,PH
1,2021,66,Mosaic,mature,35.51,2,63136.78,50,21.04559333,22,47.83089394,23.91544697,PH
1,2021,69,Mosaic,mature,37.38,2,66461.64,60,18.46156667,13.5,82.05140741,41.0257037,PH
1,2021,70,Mosaic,mature,33.61,2,59758.58,55,18.10866061,18,55.33201852,27.66600926,PH
1,2021,71,Mosaic,mature,34.14,2,60700.92,60,16.86136667,11.75,86.10059574,43.05029787,PH
1,2021,73,Mosaic,mature,34.13,2,60683.14,50,20.22771333,25,40.45542667,20.22771333,PH
1,2021,50,HBC 682,mature,33.54,2,59634.12,60,16.56503333,13.5,73.62237037,36.81118519,PH
1,2021,67,HBC 682,mature,36.02,2,64043.56,55,19.40713939,20.25,52.71074897,26.35537449,PH
1,2021,68,HBC 682,mature,35.4,2,62941.2,55,19.07309091,23.5,44.63914894,22.31957447,PH
1,2021,79,HBC 682,mature,33.96,2,60380.88,55,18.29723636,21.25,47.35755294,23.67877647,PH
1,2021,Whitener,HBC 682,mature,32.45,2,57696.1,60,16.02669444,16.25,59.17548718,29.58774359,PH
1,2021,24,Citra,mature,24.62,2.5,54717.95,60,15.19943056,14,65.14041667,32.57020833,PH
1,2021,52,Citra,mature,22.79,2.5,50650.775,60,14.06965972,9.75,86.58252137,43.29126068,PH
1,2021,59,Citra,mature,33.6,2.5,74676,80,15.5575,15.75,79.02222222,39.51111111,PH
1,2021,60,Citra,mature,33.6,2.5,74676,80,15.5575,13.75,90.51636364,45.25818182,PH
1,2021,63,Citra,mature,34.72,3,92598.24,100,15.43304,13.75,112.2402909,56.12014545,PH
1,2021,64,Citra,mature,17.31,2.5,38471.475,70,9.159875,9,71.24347222,35.62173611,PH
1,2021,4,Citra,babies,27.78,1,24696.42,25,16.46428,3.5,117.602,58.801,PH
1,2021,Rice-east,Sabro,mature,9.1,2,16179.8,22,12.25742424,6,44.94388889,22.47194444,PH
1,2021,12,Cascade,babies,15.88,1,14117.32,25,9.411546667,2,117.6443333,58.82216667,PH
1,2021,13,Cascade,babies,3.49,1,3102.61,25,2.068406667,0.45,114.9114815,57.45574074,PH
1,2021,76,HBC 472,mature,4.9,2,8712.2,28,5.185833333,2.75,52.80121212,26.40060606,PH
1,2021,80,HBC 472,mature,13.91,2,24731.98,28,14.72141667,12,34.34997222,17.17498611,PH
1,2021,83,Idaho 7,mature,20.9,2,37160.2,22,28.15166667,25,24.77346667,12.38673333,PH
1,2021,84,Idaho 7,mature,19.04,2,33853.12,22,25.64630303,24.5,23.02933333,11.51466667,PH
1,2021,Tri-40,HBC 638,mature,14.85,2,26403.3,24,18.335625,14.5,30.34862069,15.17431034,PH
1,2021,7 east,Experi,mature,1.9,2,3378.2,60,0.938388889,1,56.30333333,28.15166667,PH
1,2021,72,YCR,mature,18.75,2,33337.5,60,9.260416667,8.5,65.36764706,32.68382353,PH
1,2022,# 14,Simcoe,mature,17.58,3,46885.86,80,9.7678875,8,97.678875,48.8394375,PH
1,2022,# 15,Simcoe,mature,34.65,3,92411.55,80,19.25240625,17.65,87.26303116,43.63151558,PH
1,2022,# 16,Simcoe,mature,31.23,3,83290.41,80,17.35216875,18,77.12075,38.560375,PH
1,2022,3,Simcoe,mature,36.44,3,97185.48,80,20.246975,20,80.9879,40.49395,PH
1,2022,53,Simcoe,mature,32.82,3,87530.94,80,18.2356125,14.92,97.77808311,48.88904155,PH
1,2022,6,Simcoe,babies,31.71,3,84570.57,80,17.61886875,23.5,59.97912766,29.98956383,PH
1,2022,74,Simcoe,mature,35.82,3,95531.94,80,19.9024875,20.25,78.62711111,39.31355556,PH
1,2022,8,Simcoe,babies,31.95,2,66264.3,100,11.04405,6.67,165.577961,82.78898051,PH
1,2022,# 81,Simcoe,mature,33.99,2.5,75542.775,80,15.73807813,19,66.26559211,33.13279605,PH
1,2022,# 82,Simcoe,mature,35.14,2.5,78098.65,80,16.27055208,19.58,66.47825162,33.23912581,PH
1,2022,75,Ahtanum,mature,32.64,2,58033.92,70,13.8176,25.92,37.31604938,18.65802469,PH
1,2022,14,Mosaic,mature,15.88,3,42351.96,55,12.83392727,7.5,94.11546667,47.05773333,PH
1,2022,17,Mosaic,mature,31.13,2,55349.14,55,16.77246667,15.13,60.9706323,30.48531615,PH
1,2022,61,Mosaic,mature,22.48,2,39969.44,55,12.11195152,10.37,64.23889425,32.11944712,PH
1,2022,62,Mosaic,mature,34.79,2,61856.62,55,18.7444303,15.33,67.2500761,33.62503805,PH
1,2022,65,Mosaic,mature,27.57,2,49019.46,55,14.85438182,17.64,46.31468254,23.15734127,PH
1,2022,66,Mosaic,mature,35.51,2,63136.78,55,19.13235758,18.25,57.65915982,28.82957991,PH
1,2022,69,Mosaic,mature,37.38,2.5,83077.05,55,25.17486364,19.25,71.92818182,35.96409091,PH
1,2022,70,Mosaic,mature,33.61,2,59758.58,55,18.10866061,17,58.58684314,29.29342157,PH
1,2022,71,Mosaic,mature,34.14,2.5,75876.15,60,21.07670833,12.42,101.819847,50.90992351,PH
1,2022,73,Mosaic,mature,34.13,2,60683.14,50,20.22771333,24.17,41.8446697,20.92233485,PH
1,2022,67,HBC 682,mature,36.02,2,64043.56,55,19.40713939,19.67,54.26500593,27.13250297,PH
1,2022,68,HBC 682,mature,35.4,2,62941.2,55,19.07309091,20.5,51.17170732,25.58585366,PH
1,2022,77,HBC 682,mature,22.97,2,40840.66,55,12.37595758,12.33,55.20500135,27.60250068,PH
1,2022,79,HBC 682,mature,33.96,2,60380.88,55,18.29723636,18.13,55.50733591,27.75366795,PH
1,2022,1,Citra,babies,36.14,2,74954.36,100,12.49239333,9.5,131.4988772,65.7494386,PH
1,2022,5,Citra,mature,35.3,2.5,78454.25,50,26.15141667,29.66,44.08532816,22.04266408,PH
1,2022,52,Citra,mature,31.67,2.5,70386.575,70,16.75870833,15.17,77.33088882,38.66544441,PH
1,2022,59,Citra,mature,33.6,2.5,74676,70,17.78,13.83,89.99276934,44.99638467,PH
1,2022,60,Citra,mature,33.71,2.5,74920.475,70,17.83820833,15.08,82.80335433,41.40167717,PH
1,2022,2,Citra,mature,36.2,2.5,80454.5,70,19.15583333,13.42,99.91865375,49.95932688,PH
1,2022,Loc-40,Citra,babies,17.2,2,35672.8,131,4.538524173,4.33,137.308699,68.6543495,PH
1,2022,64,Citra,mature,17.31,2.5,38471.475,70,9.159875,9.67,66.30726474,33.15363237,PH
1,2022,Rice-40,Citra,babies,32.57,2,57909.46,130,7.424289744,7.17,134.6105532,67.30527662,PH
1,2022,84,Idaho 7,mature,7.66,2,13619.48,22,10.31778788,7.17,31.65848443,15.82924221,PH
1,2022,Tri-40,HBC 638,mature,14.85,2,26403.3,24,18.335625,14.17,31.05539873,15.52769936,PH
1,2022,7 east,Experi,mature,1.2,2,2133.6,60,0.592666667,1,35.56,17.78,PH
1,2022,72,YCR,mature,11.89,2,21140.42,60,5.872338889,1.5,234.8935556,117.4467778,PH
1,2022,8,HBC 1019,babies,4.89,2,10141.86,80,2.1128875,1.5,112.6873333,56.34366667,PH
1,2019,# 10,Simcoe,mature,8.55,2.5,19002.375,28,11.3109375,16.17,19.58603896,19.58603896,Pilot
1,2019,# 14,Simcoe,mature,18.19,2.5,40427.275,28,24.06385417,31.5,21.39009259,21.39009259,Pilot
1,2019,9,Simcoe,mature,5.14,2.5,11423.65,28,6.799791667,9.25,20.58315315,20.58315315,Pilot
1,2019,BHM,Simcoe,mature,11.41,2.5,25358.725,28,15.09447917,22.09,19.13288441,19.13288441,Pilot
1,2019,14,Mosaic,mature,16.45,2,29248.1,25,19.49873333,23.33,20.89448493,20.89448493,Pilot
1,2019,17,Mosaic,mature,31.13,2,55349.14,25,36.89942667,61.52,14.99489055,14.99489055,Pilot
1,2019,69,Mosaic,mature,37.38,2,66461.64,22,50.34972727,60.68,18.25468029,18.25468029,Pilot
1,2019,BHM,Mosaic,mature,0.92,2,1635.76,45,0.605837037,1.75,15.57866667,15.57866667,Pilot
1,2019,1,HBC 682,mature,18.81,2,33444.18,25,22.29612,24.6,22.65865854,22.65865854,Pilot
1,2019,Loc-40,HBC 682,mature,17.56,2,31221.68,25,20.81445333,23.34,22.29483005,22.29483005,Pilot
1,2019,9,Palisade,mature,7.5,2.5,16668.75,25,11.1125,11.17,24.87130707,24.87130707,Pilot
1,2019,Whitener,Palisade,mature,34.97,2,62176.66,25,41.45110667,54.85,18.89293832,18.89293832,Pilot
1,2019,10,Citra,mature,7.13,2.5,15846.425,28,9.432395833,11.5,22.96583333,11.48291667,Pilot
1,2019,BHM,Citra,mature,7.17,2.5,15935.325,28,9.4853125,10.83,24.52343029,24.52343029,Pilot
1,2019,9,Citra,mature,5.14,2.5,11423.65,28,6.799791667,6.33,30.0780674,30.0780674,Pilot
1,2019,Tri-40,Tomahawk,mature,33.05,2,58762.9,25,39.17526667,49.76,19.68210745,19.68210745,Pilot
1,2019,64,Tomahawk,mature,18,2,32004,25,21.336,30.5,17.48852459,17.48852459,Pilot
1,2019,Rice-west,Sabro,babies,16.46,2,29265.88,25,19.51058667,17.67,27.60411243,27.60411243,Pilot
1,2019,Rice-east,Sabro,babies,15.39,2,27363.42,25,18.24228,17.67,25.80967742,25.80967742,Pilot
1,2019,76,Sabro,mature,4.9,2,8712.2,25,5.808133333,9.17,15.8346056,15.8346056,Pilot
1,2019,80,Sabro,mature,23.72,2,42174.16,25,28.11610667,43.18,16.27843137,16.27843137,Pilot
1,2019,78,Sabro,babies,35.01,2,62247.78,32,32.42071875,42.92,24.17201771,24.17201771,Pilot
1,2019,72,HBC 638,mature,1.02,2,1813.56,25,1.20904,1.58,19.13037975,19.13037975,Pilot
1,2019,72,Talus,mature,11.3,2,20091.4,30,11.16188889,13.59,24.63993132,24.63993132,Pilot
1,2019,76,HBC 472,mature,4.9,2,8712.2,25,5.808133333,8.91,16.29667041,16.29667041,Pilot
1,2019,76,HBC 522,mature,1.23,2,2186.94,25,1.46,3.75,9.72,9.72,Pilot
1,2019,76,Talus,mature,1.23,2,2186.94,25,1.45796,3,12.14966667,12.14966667,Pilot
1,2019,80,HBC 472,mature,13.91,2,24731.98,25,16.48798667,21.33,19.32487889,19.32487889,Pilot
1,2019,83,Idaho 7,babies,17.1,2,30403.8,32,15.8353125,21.83,23.21255153,23.21255153,Pilot
1,2019,83,Talus,babies,20.9,2,37160.2,32,19.35427083,16.5,37.53555556,37.53555556,Pilot
1,2019,7 east,HBC 586,babies,4.7,2,8356.6,30,4.642555556,3.75,37.14044444,37.14044444,Pilot
1,2020,# 10,Simcoe,mature,8.55,2.5,19002.375,20,15.8353125,9.92,31.92603327,31.92603327,Pilot
1,2020,9,Simcoe,mature,5.14,2.5,11423.65,20,9.519708333,4.66,40.85711731,40.85711731,Pilot
1,2020,BHM,Simcoe,mature,11.41,2.5,25358.725,20,21.13227083,10.76,39.27931382,39.27931382,Pilot
1,2020,75,Ahtanum,mature,32.64,2,58033.92,26,37.20123077,45.92,21.06341463,21.06341463,Pilot
1,2020,76,Ahtanum,mature,19.62,2,34884.36,26,22.36176923,25.43,22.86299646,22.86299646,Pilot
1,2020,66,Mosaic,mature,35.51,2,63136.78,22,47.83089394,48.26,21.80438596,21.80438596,Pilot
1,2020,BHM,Mosaic,mature,0.92,2,1635.76,10,2.726266667,1,27.26266667,27.26266667,Pilot
1,2020,1,HBC 682,mature,18.81,2.5,41805.225,23,30.2936413,17.59,39.61078738,39.61078738,Pilot
1,2020,9,Palisade,mature,7.5,2.5,16668.75,20,13.890625,8.42,32.99435867,32.99435867,Pilot
1,2020,10,Citra,mature,7.13,2.5,15846.425,25,10.56428333,8.33,31.70553221,15.85276611,Pilot
1,2020,52,Citra,mature,22.79,3,60780.93,25,40.52062,39.61,25.57474123,25.57474123,Pilot
1,2020,BHM,Citra,mature,7.17,2.5,15935.325,25,10.62355,8.42,31.54260689,31.54260689,Pilot
1,2020,9,Citra,mature,5.14,2.5,11423.65,25,7.615766667,4.83,39.41908213,39.41908213,Pilot
1,2020,Rice-west,Sabro,mature,16.46,2,29265.88,22,22.17112121,22.06,22.11081898,22.11081898,Pilot
1,2020,Rice-east,Sabro,mature,15.39,2,27363.42,22,20.72986364,20.72,22.01047297,22.01047297,Pilot
1,2020,80,Sabro,mature,23.72,2,42174.16,22,31.95012121,32.59,21.56804746,21.56804746,Pilot
1,2020,78,Sabro,mature,35.01,2,62247.78,22,47.15740909,53.66,19.33401044,19.33401044,Pilot
1,2020,72,Talus,mature,11.95,2,21247.1,22,16.09628788,12.49,28.35214839,28.35214839,Pilot
1,2020,76,Talus,mature,1.23,2,2186.94,22,1.656772727,1.5,24.29933333,24.29933333,Pilot
1,2020,83,Talus,mature,17.1,2,30403.8,22,23.03318182,21.9,23.13835616,23.13835616,Pilot
1,2020,76,HBC 522,mature,1.23,2,2186.94,15,2.43,2,18.22,18.22,Pilot
1,2020,76,HBC 472,mature,4.9,2,8712.2,20,7.260166667,4.25,34.1654902,34.1654902,Pilot
1,2020,80,HBC 472,mature,13.91,2,24731.98,20,20.60998333,16.34,25.22641779,25.22641779,Pilot
1,2020,83,Idaho 7,mature,20.9,2,37160.2,22,28.15166667,26.68,23.21351824,23.21351824,Pilot
1,2020,84,Idaho 7,babies,19.04,2,33853.12,22,25.64630303,27.5,20.51704242,20.51704242,Pilot
1,2020,84,HBC 586,babies,15,1,13335,22,10.10227273,10.5,21.16666667,21.16666667,Pilot
1,2020,7 east,HBC 586,mature,4.7,2,8356.6,22,6.330757576,6.25,22.28426667,22.28426667,Pilot
1,2020,Tri-40,HBC 638,babies,10.76,2,19131.28,22,14.49339394,10.33,30.86686028,30.86686028,Pilot
1,2021,# 10,Simcoe,mature,8.55,3,22802.85,30,12.66825,10.5,36.195,36.195,Pilot
1,2021,# 16,Simcoe,mature,5.17,3,13788.39,80,2.87258125,13,17.67742308,17.67742308,Pilot
1,2021,6,Simcoe,mature,8.25,2,14668.5,80,3.0559375,9,27.16388889,27.16388889,Pilot
1,2021,6,Simcoe,babies,23.36,2,41534.08,26,26.62441026,25.5,27.14645752,27.14645752,Pilot
1,2021,9,Simcoe,mature,5.14,3,13708.38,30,7.615766667,6.25,36.55568,36.55568,Pilot
1,2021,BHM,Simcoe,mature,11.41,3,30430.47,30,16.90581667,14.5,34.97755172,34.97755172,Pilot
1,2021,76,Ahtanum,mature,23.3,2,41427.4,24,28.76902778,38.25,18.05115468,18.05115468,Pilot
1,2021,62,Mosaic,mature,34.79,2,61856.62,50,20.61887333,55.5,18.57556156,18.57556156,Pilot
1,2021,BHM,Mosaic,mature,0.92,3,2453.64,10,4.0894,2.5,16.3576,16.3576,Pilot
1,2021,77,HBC 682,mature,22.97,2,40840.66,55,12.37595758,26.25,25.93057778,25.93057778,Pilot
1,2021,9,Palisade,mature,7.5,2,13335,30,7.408333333,9,24.69444444,24.69444444,Pilot
1,2021,13,Palisade,babies,9,1,8001,30,4.445,4,33.3375,33.3375,Pilot
1,2021,Tri-40,Palisade,babies,18.2,2,32359.6,30,17.97755556,20.5,26.30861789,26.30861789,Pilot
1,2021,1,Citra,mature,18.78,2.5,41738.55,80,8.69553125,22.5,30.91744444,30.91744444,Pilot
1,2021,10,Citra,mature,7.13,3,19015.71,28,11.318875,7.75,40.894,40.894,Pilot
1,2021,5,Citra,babies,35.3,2,62763.4,70,14.94366667,32.25,32.43586563,32.43586563,Pilot
1,2021,BHM,Citra,mature,7.17,3,19122.39,25,12.74826,9,35.41183333,35.41183333,Pilot
1,2021,2,Citra,mature,36.2,2.5,80454.5,80,16.76135417,37.5,35.75755556,35.75755556,Pilot
1,2021,Waterberry,Citra,mature,35.76,2.5,79476.6,80,16.557625,33.75,39.2477037,39.2477037,Pilot
1,2021,9,Citra,mature,5.14,3,13708.38,25,9.13892,5.75,39.73443478,39.73443478,Pilot
1,2021,78,Sabro,mature,35.01,2,62247.78,22,47.15740909,55.5,18.69302703,18.69302703,Pilot
1,2021,72,Talus,mature,11.95,2,21247.1,26,13.6199359,12.5,28.32946667,28.32946667,Pilot
1,2021,83,Talus,mature,17.1,2,30403.8,26,19.48961538,21,24.13,24.13,Pilot
1,2021,7 west,Talus,babies,18.5,2,32893,26,21.08525641,19.25,28.47878788,28.47878788,Pilot
1,2021,76,HBC 522,mature,1.23,2,2186.94,15,2.43,2.25,16.2,16.2,Pilot
1,2021,84,HBC 586,mature,19.04,2,33853.12,24,23.50911111,25,22.56874667,22.56874667,Pilot
1,2021,7 east,HBC 586,mature,4.7,2,8356.6,24,5.803194444,5.25,26.52888889,26.52888889,Pilot
1,2021,7 east,HBC 586,babies,10.39,2,18473.42,24,12.82876389,10.5,29.32288889,29.32288889,Pilot
1,2022,# 10,Simcoe,babies,16.03,1,14250.67,30,7.917038889,9.92,23.94265793,23.94265793,Pilot
1,2022,# 47,Simcoe,mature,44.83,3,119561.61,40,49.8173375,42.25,47.1643432,47.1643432,Pilot
1,2022,BHM,Simcoe,mature,7.83,3,20882.61,28,12.430125,10.75,32.37613953,32.37613953,Pilot
1,2022,4,Simcoe,mature,2.62,2.5,5822.95,28,3.466041667,3.83,25.33920801,25.33920801,Pilot
1,2022,11,Simcoe,mature,10.63,2.5,23625.175,28,14.06260417,11.58,34.00284254,34.00284254,Pilot
1,2022,76,Ahtanum,mature,23.3,2,41427.4,30,23.01522222,30,23.01522222,23.01522222,Pilot
1,2022,BHM,Mosaic,mature,0.764,3,2037.588,10,3.39598,1.42,23.91535211,23.91535211,Pilot
1,2022,13,HBC 682,babies,3.51,2,6240.78,28,3.71475,3.58,29.05391061,29.05391061,Pilot
1,2022,50,HBC 682,mature,33.54,2,59634.12,30,33.13006667,34.83,28.53580247,28.53580247,Pilot
1,2022,Whitener,HBC 682,mature,32.45,2.5,72120.125,36,33.38894676,37.34,32.19073603,32.19073603,Pilot
1,2022,13,Palisade,mature,9.17,2.5,20380.325,28,12.13114583,15.42,22.02802097,22.02802097,Pilot
1,2022,Tri-40,Palisade,mature,18.2,2,32359.6,28,19.26166667,27.17,19.85007974,19.85007974,Pilot
1,2022,24,Citra,mature,24.09,2.5,53540.025,30,29.74445833,28.42,31.39809113,31.39809113,Pilot
1,2022,BHM,Citra,mature,6.7,3,17868.9,25,11.9126,8.67,34.35005767,34.35005767,Pilot
1,2022,4,Citra,mature,27.78,2.5,61741.05,25,41.1607,34.58,29.75759109,29.75759109,Pilot
1,2022,78,Sabro,mature,35.01,2,62247.78,22,47.15740909,45,23.05473333,23.05473333,Pilot
1,2022,72,Talus,mature,11.95,2,21247.1,26,13.6199359,11.75,30.1377305,30.1377305,Pilot
1,2022,7 west,Talus,mature,18.5,2,32893,26,21.08525641,19.08,28.7325297,28.7325297,Pilot
1,2022,83,Talus,mature,17.1,2.5,38004.75,26,24.36201923,18.67,33.92675415,33.92675415,Pilot
1,2022,9,Talus,babies,4.6,1,4089.4,26,2.621410256,1.83,37.24408015,37.24408015,Pilot
1,2022,12,Cascade,mature,15.77,2.5,35048.825,22,26.55214015,22.75,25.67679487,25.67679487,Pilot
1,2022,76,HBC 522,mature,1.23,2,2186.94,15,2.43,1.5,24.3,24.3,Pilot
1,2022,84,Idaho 7,mature,11.38,2,20233.64,22,15.32851515,18.91,17.83328045,17.83328045,Pilot
1,2022,84,HBC 586,mature,19.04,2,33853.12,24,23.50911111,27.83,20.27375734,20.27375734,Pilot
1,2022,7 east,HBC 586,mature,15.09,2,26830.02,24,18.63195833,20.5,21.81302439,21.81302439,Pilot
1,2022,9,HBC  586,babies,13.05,1,11601.45,24,8.0565625,5,38.6715,38.6715,Pilot
1,2018,# 6,HBC 342,mature,8.36,2,14864.08,50,4.954693333,4.5,55.05214815,27.52607407,PH
1,2018,70,HBC 291,mature,10.08,2,17922.24,40,7.4676,8,37.338,18.669,PH
1,2018,# 71,HBC 291,mature,34.18,2,60772.04,40,25.32168333,23.5,43.10073759,21.55036879,PH
1,2018,# 10,Simcoe,mature,8.55,2.5,19002.375,75,4.22275,6,52.784375,26.3921875,PH
1,2018,# 14,Simcoe,mature,18.19,2.5,40427.275,75,8.983838889,9.75,69.10645299,34.5532265,PH
1,2018,# 15,Simcoe,mature,34.65,3,92411.55,75,20.5359,20.5,75.13134146,37.56567073,PH
1,2018,# 16,Simcoe,mature,31.23,2.5,69408.675,75,15.42415,17,68.04772059,34.02386029,PH
1,2018,3,Simcoe,mature,36.44,2.5,80987.9,75,17.99731111,19,71.04201754,35.52100877,PH
1,2018,5,Simcoe,mature,35.65,3,95078.55,75,21.12856667,19.5,81.26371795,40.63185897,PH
1,2018,52,Simcoe,mature,12.73,2.5,28292.425,75,6.287205556,6,78.59006944,39.29503472,PH
1,2018,53,Simcoe,mature,33.57,2.5,74609.325,75,16.57985,22.25,55.88713483,27.94356742,PH
1,2018,6,Simcoe,mature,25.26,3,67368.42,75,14.97076,12.25,91.65771429,45.82885714,PH
1,2018,74,Simcoe,mature,35.82,2.5,79609.95,60,22.113875,24,55.2846875,27.64234375,PH
1,2018,9,Simcoe,mature,5.14,2.5,11423.65,75,2.538588889,2.75,69.23424242,34.61712121,PH
1,2018,BHM,Simcoe,mature,11.41,2.5,25358.725,75,5.635272222,7.75,54.53489247,27.26744624,PH
1,2018,# 81,Simcoe,babies,33.99,2,60434.22,80,12.5904625,7.5,134.2982667,67.14913333,PH
1,2018,# 82,Simcoe,babies,35.14,2,62478.92,80,13.01644167,9.5,109.6121404,54.80607018,PH
1,2018,75,Ahtanum,mature,32.64,2,58033.92,50,19.34464,36.25,26.68226207,13.34113103,PH
1,2018,76,Ahtanum,mature,23.3,2,41427.4,50,13.80913333,23.5,29.38113475,14.69056738,PH
1,2018,14,Mosaic,mature,16.45,2,29248.1,50,9.749366667,10.5,46.42555556,23.21277778,PH
1,2018,17,Mosaic,mature,31.13,2,55349.14,50,18.44971333,20,46.12428333,23.06214167,PH
1,2018,61,Mosaic,mature,21.52,2,38262.56,50,12.75418667,15.5,41.14253763,20.57126882,PH
1,2018,62,Mosaic,mature,34.84,2,61945.52,50,20.64850667,23,44.88805797,22.44402899,PH
1,2018,65,Mosaic,mature,27.25,2,48450.5,50,16.15016667,17.5,46.14333333,23.07166667,PH
1,2018,66,Mosaic,mature,35.51,2,63136.78,50,21.04559333,21,50.10855556,25.05427778,PH
1,2018,69,Mosaic,mature,37.38,2,66461.64,50,22.15388,28,39.5605,19.78025,PH
1,2018,73,Mosaic,mature,36.73,2,65305.94,50,21.76864667,30.5,35.68630601,17.84315301,PH
1,2018,BHM,Mosaic,mature,0.92,2,1635.76,50,0.545253333,1.5,18.17511111,9.087555556,PH
1,2018,7 west,Equinox,mature,19.2,2,34137.6,55,10.34472727,11.5,49.47478261,24.7373913,PH
1,2018,7 east,Equinox,mature,10.63,2,18900.14,55,5.727315152,7.25,43.4485977,21.72429885,PH
1,2018,72,Equinox,mature,7.2,2,12801.6,55,3.879272727,4,53.34,26.67,PH
1,2018,1,HBC 682,mature,18.81,2,33444.18,60,9.29005,8,69.675375,34.8376875,PH
1,2018,50,HBC 682,mature,33.54,2,59634.12,65,15.2908,18.25,54.46038356,27.23019178,PH
1,2018,67,HBC 682,mature,10.37,2,18437.86,56,5.487458333,7.25,42.38588506,21.19294253,PH
1,2018,Loc-40,HBC 682,mature,17.56,2,31221.68,60,8.672688889,10,52.03613333,26.01806667,PH
1,2018,7 SBG,Nursery,mature,1.2,2,2133.6,70,0.508,0.75,47.41333333,23.70666667,PH
1,2018,72 SBG,Nursery,mature,11.34,2,20162.52,70,4.8006,4,84.0105,42.00525,PH
1,2018,8,Palisade,mature,33.21,2,59047.38,45,21.8694,26.25,37.4904,18.7452,PH
1,2018,9,Palisade,mature,7.5,2,13335,45,4.938888889,4.75,46.78947368,23.39473684,PH
1,2018,Whitener,Palisade,mature,34.97,2,62176.66,45,23.02839259,31.5,32.8977037,16.44885185,PH
1,2018,1,Citra,mature,18.78,2.5,41738.55,64,10.86941406,8.5,81.84029412,40.92014706,PH
1,2018,10,Citra,mature,7.13,2.5,15846.425,64,4.126673177,3.25,81.26371795,40.63185897,PH
1,2018,24,Citra,babies,24.62,2.5,54717.95,64,14.24946615,9.75,93.53495726,46.76747863,PH
1,2018,52,Citra,mature,16.29,2,28963.62,64,7.542609375,10.5,45.974,22.987,PH
1,2018,59,Citra,mature,33.6,2.5,74676,64,19.446875,19,65.50526316,32.75263158,PH
1,2018,60,Citra,mature,33.6,2.5,74676,64,19.446875,20,62.23,31.115,PH
1,2018,63,Citra,babies,34.72,2,61732.16,80,12.86086667,12.25,83.98933333,41.99466667,PH
1,2018,BHM,Citra,mature,7.17,2.5,15935.325,64,4.149824219,6,44.26479167,22.13239583,PH
1,2018,Waterberry,Citra,babies,35.76,2,63581.28,80,13.2461,17,62.33458824,31.16729412,PH
1,2018,9,Citra,babies,5.14,2,9138.92,100,1.523153333,2,76.15766667,38.07883333,PH
1,2018,Rice-west,Tomahawk,mature,16.46,2,29265.88,50,9.755293333,8.75,55.74453333,27.87226667,PH
1,2018,Rice-east,Tomahawk,mature,15.73,2,27967.94,50,9.322646667,10.75,43.36114729,21.68057364,PH
1,2018,Tri-40,Tomahawk,mature,33.05,2,58762.9,54,18.13669753,24,40.80756944,20.40378472,PH
1,2018,64,Tomahawk,mature,18,2,32004,50,10.668,12,44.45,22.225,PH
1,2018,52,HBC 567,mature,2.34,2,4160.52,44,1.575954545,2,34.671,17.3355,PH
1,2018,52,HBC 568,mature,1.17,2,2080.26,35,0.9906,1.25,27.7368,13.8684,PH
1,2018,61,HBC 472,mature,1,2,1778,30,0.987777778,1.5,19.75555556,9.877777778,PH
1,2018,72,HBC 630,mature,0.8,2,1422.4,44,0.538787879,0.75,31.60888889,15.80444444,PH
1,2018,72,HBC 638,mature,1,2,1778,44,0.673484848,1,29.63333333,14.81666667,PH
1,2018,72,Talus,babies,4.2,2,7467.6,50,2.4892,2.5,49.784,24.892,PH
1,2018,72,HBC ,babies,6.1,2,10845.8,50,3.615266667,3.5,51.64666667,25.82333333,PH
1,2018,76,HBC 438,mature,4.9,2,8712.2,50,2.904066667,3,48.40111111,24.20055556,PH
1,2018,76,HBC 472,mature,4.9,2,8712.2,50,2.904066667,3.5,41.48666667,20.74333333,PH
1,2018,76,HBC 522,mature,1.23,2,2186.94,30,1.21,1.5,24.3,12.15,PH
1,2018,76,Talus,mature,1.23,2,2186.94,30,1.214966667,1,36.449,18.2245,PH
1,2018,80,HBC 472,babies,13.91,2,24731.98,50,8.243993333,6.25,65.95194667,32.97597333,PH
1,2018,80,HBC 438,babies,23.72,2,42174.16,50,14.05805333,7.75,90.69711828,45.34855914,PH
1,2017,6,Simcoe,mature,13.26,2.5,29470.35,70.4,6.976882102,6.5,75.565,37.7825,PH
1,2017,63,Simcoe,mature,23.75,2.5,52784.375,70.4,12.4963009,12,73.31163194,36.65581597,PH
1,2017,67,Simcoe,mature,5.98,2.5,13290.55,70.4,3.146437027,2.5,88.60366667,44.30183333,PH
1,2017,68,Simcoe,mature,36.71,2.5,81587.975,70.4,19.31533499,15.5,87.72900538,43.86450269,PH
1,2017,70,Simcoe,mature,24.8,2.5,55118,70.4,13.04876894,12,76.55277778,38.27638889,PH
1,2017,74,Simcoe,mature,35.82,2.5,79609.95,70.4,18.84705256,29.5,44.97737288,22.48868644,PH
1,2017,9,Simcoe,mature,5.14,2.5,11423.65,70.4,2.704462595,1.5,126.9294444,63.46472222,PH
1,2017,BHM,Simcoe,mature,11.41,2.5,25358.725,70.4,6.003486032,7,60.37791667,30.18895833,PH
1,2017,Waterberry,Simcoe,mature,35.1,2.5,78009.75,70.4,18.46821733,13,100.0125,50.00625,PH
1,2017,47 N,Ahtanum,mature,8.36,2.5,18580.1,80,3.870854167,5.5,56.30333333,28.15166667,PH
1,2017,47 S,Ahtanum,mature,22.78,2.5,50628.55,80,10.54761458,15,56.25394444,28.12697222,PH
1,2017,75,Ahtanum,babies,32.64,2,58033.92,104,9.300307692,14,69.088,34.544,PH
1,2017,76,Ahtanum,babies,23.3,2,41427.4,104,6.63900641,7,98.63666667,49.31833333,PH
1,2017,9,Ahtanum,mature,4.35,2,7734.3,104,1.239471154,1.5,85.93666667,42.96833333,PH
1,2017,14,Mosaic,mature,16.45,2,29248.1,52,9.374391026,11.5,42.38855072,21.19427536,PH
1,2017,17,Mosaic,mature,31.13,2,55349.14,52,17.74010897,21,43.92788889,21.96394444,PH
1,2017,61,Mosaic,mature,21.52,2,38262.56,52,12.26364103,16.5,38.64905051,19.32452525,PH
1,2017,62,Mosaic,mature,34.84,2,61945.52,52,19.85433333,29,35.60087356,17.80043678,PH
1,2017,65,Mosaic,mature,27.25,2,48450.5,52,15.52900641,19.5,41.41068376,20.70534188,PH
1,2017,66,Mosaic,mature,35.51,2,63136.78,52,20.23614744,22.5,46.76798519,23.38399259,PH
1,2017,69,Mosaic,mature,37.38,2,66461.64,52,21.30180769,23.75,46.63974737,23.31987368,PH
1,2017,73,Mosaic,mature,36.73,2,65305.94,52,20.93139103,28.25,38.52857817,19.26428909,PH
1,2017,BHM,Mosaic,mature,0.92,2,1635.76,52,0.524282051,1.5,18.17511111,9.087555556,PH
1,2017,67,Equinox,mature,20.35,2,36182.3,55,10.96433333,16,37.68989583,18.84494792,PH
1,2017,7 west,Equinox,mature,19.2,2,34137.6,55,10.34472727,10.5,54.18666667,27.09333333,PH
1,2017,7 east,Equinox,mature,10.63,2,18900.14,55,5.727315152,7.5,42.00031111,21.00015556,PH
1,2017,72,Equinox,mature,17.03,2,30279.34,55,9.175557576,12.25,41.19638095,20.59819048,PH
1,2017,1,HBC 682,mature,18.81,2,33444.18,68,8.197102941,7,79.629,39.8145,PH
1,2017,67,HBC 682,mature,10.37,2,18437.86,56,5.487458333,8,38.41220833,19.20610417,PH
1,2017,Loc-40,HBC 682,mature,17.56,2,31221.68,68,7.652372549,7.75,67.14339785,33.57169892,PH
1,2017,7 SBG,Nursery,mature,1.2,2,2133.6,71.2,0.499438202,0.5,71.12,35.56,PH
1,2017,72 SBG,Nursery,mature,11.72,2,20838.16,71.2,4.877846442,4,86.82566667,43.41283333,PH
1,2017,8,Palisade,mature,33.21,2,59047.38,45.6,21.58164474,18.75,52.48656,26.24328,PH
1,2017,9,Palisade,mature,7.5,2,13335,45.6,4.873903509,4.5,49.38888889,24.69444444,PH
1,2017,Whitener,Palisade,mature,34.97,2,62176.66,45.6,22.72538743,22.25,46.57427715,23.28713858,PH
1,2017,1,Citra,mature,18.78,2,33390.84,66.6,8.356066066,9.25,60.16367568,30.08183784,PH
1,2017,10,Citra,mature,7.13,2,12677.14,66.6,3.172457457,3,70.42855556,35.21427778,PH
1,2017,24,Citra,babies,24.62,2,43774.36,80,9.119658333,7,104.2246667,52.11233333,PH
1,2017,52,Citra,mature,16.29,2.5,36204.525,66.6,9.060191441,11.5,52.47032609,26.23516304,PH
1,2017,54,Citra,mature,33.81,2.5,80890.425,66.6,20.2428491,12,112.3478125,56.17390625,PH
1,2017,55,Citra,mature,8.71,2.5,20838.675,66.6,5.214883634,3,115.7704167,57.88520833,PH
1,2017,59,Citra,mature,33.6,2,59740.8,66.6,14.95015015,17.5,56.896,28.448,PH
1,2017,60,Citra,mature,33.6,2,59740.8,66.6,14.95015015,18.25,54.55780822,27.27890411,PH
1,2017,BHM,Citra,mature,7.17,2,12748.26,66.6,3.190255255,5.5,38.63109091,19.31554545,PH
1,2017,2,Citra,babies,36.71,2,65270.38,80,13.59799583,7.75,140.3664086,70.1832043,PH
1,2017,Rice-west,Tomahawk,mature,16.46,2,29265.88,50,9.755293333,10,48.77646667,24.38823333,PH
1,2017,Rice-east,Tomahawk,mature,15.73,2,27967.94,50,9.322646667,10.25,45.4763252,22.7381626,PH
1,2017,Tri-40,Tomahawk,mature,33.05,2,58762.9,50,19.58763333,18.25,53.66474886,26.83237443,PH
1,2017,64,Tomahawk,mature,18,2,32004,50,10.668,11.75,45.39574468,22.69787234,PH
1,2017,52,HBC 567,mature,2.34,2,4160.52,44,1.575954545,1.5,46.228,23.114,PH
1,2017,52,HBC 568,mature,1.17,2,2080.26,44,0.787977273,1,34.671,17.3355,PH
1,2017,61,HBC 472,mature,1,2,1778,44,0.673484848,1,29.63333333,14.81666667,PH
1,2017,72,HBC 630,mature,0.8,2,1422.4,44,0.538787879,1,23.70666667,11.85333333,PH
1,2017,72,HBC 638,mature,1,2,1778,44,0.673484848,1,29.63333333,14.81666667,PH
1,2017,76,HBC 438,babies,4.9,2,8712.2,44,3.300075758,3,48.40111111,24.20055556,PH
1,2017,76,HBC 472,babies,4.9,2,8712.2,44,3.300075758,3,48.40111111,24.20055556,PH
1,2017,76,HBC 522,babies,1.23,2,2186.94,44,0.83,1,36.45,18.22,PH
1,2017,76,Talus,babies,1.23,2,2186.94,44,0.828386364,1,36.449,18.2245,PH
1,2016,70,HBC 291,babies,10.08,2,17922.24,20,7.4676,6.66,44.85045045,22.42522523,PH
1,2016,# 71,HBC 291,mature,34.18,2,60772.04,20,25.32168333,21.83,46.39795389,23.19897694,PH
1,2016,# 14,Simcoe,mature,18.19,2.5,40427.275,28,12.03192708,8.83,76.30667233,38.15333616,PH
1,2016,# 15,Simcoe,babies,34.65,2,61607.7,28,18.335625,17,60.39970588,30.19985294,PH
1,2016,# 16,Simcoe,babies,31.23,2,55526.94,28,16.525875,15,61.6966,30.8483,PH
1,2016,2,Simcoe,mature,19.63,2.5,43627.675,28,12.98442708,9.17,79.2942112,39.6471056,PH
1,2016,3,Simcoe,mature,36.44,2.5,80987.9,28,24.10354167,20.84,64.76959373,32.38479687,PH
1,2016,5,Simcoe,mature,35.65,2.5,79232.125,28,23.58098958,25.34,52.11268416,26.05634208,PH
1,2016,24,Simcoe,mature,10.69,2,19006.82,28,5.656791667,5.84,54.24320776,27.12160388,PH
1,2016,47,Simcoe,mature,14.06,2.5,31248.35,28,9.300104167,8.83,58.98140808,29.49070404,PH
1,2016,50,Simcoe,mature,34.37,2.5,76387.325,28,22.73432292,14,90.93729167,45.46864583,PH
1,2016,52,Simcoe,mature,12.73,2.5,28292.425,28,8.420364583,6.17,76.42470286,38.21235143,PH
1,2016,53,Simcoe,mature,33.57,2.5,74609.325,28,22.20515625,22.34,55.66198523,27.83099261,PH
1,2016,6,Simcoe,mature,25.26,2.5,56140.35,28,16.7084375,14.24,65.70733848,32.85366924,PH
1,2016,63,Simcoe,mature,23.75,2.5,52784.375,28,15.70963542,13.66,64.40260493,32.20130246,PH
1,2016,67,Simcoe,mature,5.98,2.5,13290.55,28,3.955520833,3.83,57.83529156,28.91764578,PH
1,2016,68,Simcoe,mature,36.71,2.5,81587.975,28,24.28213542,24.68,55.09722785,27.54861392,PH
1,2016,70,Simcoe,mature,24.8,2.5,55118,28,16.40416667,17.34,52.97770088,26.48885044,PH
1,2016,74,Simcoe,babies,35.82,2,63687.96,28,18.95475,22.84,46.47399299,23.2369965,PH
1,2016,9,Simcoe,mature,5.14,2,9138.92,28,2.719916667,3.58,42.5461825,21.27309125,PH
1,2016,BHM,Simcoe,mature,11.41,2,20286.98,28,6.037791667,7.34,46.06489555,23.03244777,PH
1,2016,Waterberry,Simcoe,mature,35.1,2.5,78009.75,28,23.2171875,20.92,62.14925908,31.07462954,PH
1,2016,47 N,Ahtanum,mature,8.36,2.5,18580.1,28,5.529791667,2.34,132.3368946,66.16844729,PH
1,2016,47 S,Ahtanum,mature,22.78,2.5,50628.55,28,15.06802083,9.83,85.84020007,42.92010003,PH
1,2016,9,Ahtanum,mature,4.35,2,7734.3,28,2.301875,2,64.4525,32.22625,PH
1,2016,14,Mosaic,mature,16.45,2,29248.1,28,8.704791667,8.42,57.89410135,28.94705067,PH
1,2016,17,Mosaic,babies,31.13,2,55349.14,28,16.47295833,24.3,37.96237311,18.98118656,PH
1,2016,56,Mosaic,mature,17.33,2,33169.62,28,9.871910714,10.13,54.57324778,27.28662389,PH
1,2016,61,Mosaic,mature,21.52,2,38262.56,28,11.38766667,15.67,40.6961923,20.34809615,PH
1,2016,62,Mosaic,mature,34.84,2,61945.52,28,18.43616667,25.54,40.423858,20.211929,PH
1,2016,65,Mosaic,mature,27.25,2,48450.5,28,14.41979167,19.57,41.26256174,20.63128087,PH
1,2016,66,Mosaic,mature,35.51,2,63136.78,28,18.79070833,20.76,50.68784522,25.34392261,PH
1,2016,69,Mosaic,mature,37.38,2,66461.64,28,19.78025,31.44,35.23199746,17.61599873,PH
1,2016,73,Mosaic,babies,36.73,2,65305.94,28,19.43629167,24.93,43.65954005,21.82977002,PH
1,2016,BHM,Mosaic,mature,0.92,2,1635.76,28,0.486833333,1.5,18.17511111,9.087555556,PH
1,2016,67,Equinox,mature,20.35,2,36182.3,28,10.76854167,12.67,47.59576427,23.79788214,PH
1,2016,7 west,Equinox,babies,19.2,2,34137.6,28,10.16,12.67,44.90607735,22.45303867,PH
1,2016,7 east,Equinox,mature,10.63,2,18900.14,28,5.625041667,6.33,49.76340179,24.8817009,PH
1,2016,72,Equinox,mature,24.95,2,44361.1,28,13.20270833,20.1,36.78366501,18.3918325,PH
1,2016,1,HBC 682,babies,18.81,2,33444.18,28,9.953625,4.58,121.7037118,60.8518559,PH
1,2016,67,HBC 682,mature,10.37,2,18437.86,28,5.487458333,7.83,39.24618987,19.62309493,PH
1,2016,Loc-40,HBC 682,babies,17.56,2,31221.68,28,9.292166667,6.66,78.13233233,39.06616617,PH
1,2016,7 SBG,Nursery,mature,3.7,2,6578.6,28,1.957916667,1.9,57.70701754,28.85350877,PH
1,2016,72 SBG,Nursery,mature,4.15,2,7378.7,28,2.196041667,1.9,64.7254386,32.3627193,PH
1,2016,8,Palisade,babies,33.21,2,59047.38,20,24.603075,29.67,33.16895854,16.58447927,PH
1,2016,9,Palisade,mature,7.5,2,13335,20,5.55625,7.33,30.32060027,15.16030014,PH
1,2016,Whitener,Palisade,mature,34.97,2,62176.66,20,25.90694167,23.68,43.76172579,21.88086289,PH
1,2016,1,Citra,babies,18.78,2,33390.84,28,9.93775,8.34,66.72829736,33.36414868,PH
1,2016,10,Citra,mature,7.13,2,12677.14,28,3.772958333,3.83,55.16597041,27.5829852,PH
1,2016,24,Citra,mature,12.32,2,21904.96,28,6.519333333,6.67,54.73503248,27.36751624,PH
1,2016,52,Citra,mature,16.29,2.5,36204.525,28,10.77515625,12.67,47.625,23.8125,PH
1,2016,54,Citra,mature,33.81,2,64712.34,28,19.259625,17.01,63.40617284,31.70308642,PH
1,2016,55,Citra,mature,20.97,2,40136.58,28,11.94541071,14.5,46.134,23.067,PH
1,2016,57& 58,Citra,mature,23,2,44022,28,13.10178571,13.17,55.70994685,27.85497342,PH
1,2016,59,Citra,mature,33.6,2,59740.8,28,17.78,15.34,64.90743155,32.45371578,PH
1,2016,60,Citra,mature,33.6,2,59740.8,28,17.78,16.67,59.72885423,29.86442711,PH
1,2016,BHM,Citra,mature,7.99,2,14206.22,28,4.228041667,4.83,49.02077295,24.51038647,PH
1,2016,2,Zeus,mature,17.08,2,30368.24,28,9.038166667,8.67,58.37800846,29.18900423,PH
1,2016,Rice-west,Tomahawk,mature,16.46,2,29265.88,28,8.710083333,6.33,77.05602949,38.52801474,PH
1,2016,Rice-east,Tomahawk,mature,15.73,2,27967.94,28,8.323791667,7.34,63.50576748,31.75288374,PH
1,2016,Tri-40,Tomahawk,mature,33.05,2,58762.9,28,17.48895833,14.17,69.11656081,34.5582804,PH
1,2016,64,Tomahawk,mature,18,2,32004,28,9.525,9.17,58.16793893,29.08396947,PH
1,2016,10,HBC 492/494,mature,0.68,2,1209.04,28,0.359833333,1,20.15066667,20.15066667,PH
1,2016,24,HBC 438,mature,1,2,1778,28,0.529166667,1,29.63333333,14.81666667,PH
1,2016,52,HBC 567,mature,2.34,2,4160.52,28,1.23825,1.5,46.228,23.114,PH
1,2016,52,HBC 568,mature,1.17,2,2080.26,28,0.619125,1,34.671,17.3355,PH
1,2016,61,HBC 472,mature,1,2,1778,28,0.529166667,1,29.63333333,14.81666667,PH
1,2016,72,HBC 630,mature,0.8,2,1422.4,28,0.5,0.75,31.60888889,15.80444444,PH
1,2016,72,HBC 638,mature,1,2,1778,28,0.5,0.83,35.70281124,17.85140562,PH
,2023,# 14,Simcoe,1,,,,,,,,37.49668906,3
,2023,# 15,Simcoe,1,,,,,,,,48.11597938,3
,2023,# 16,Simcoe,1,,,,,,,,38.75414573,3
,2023,2,Simcoe,2,,,,,,,,55.23824236,3
,2023,53,Simcoe,1,,,,,,,,46.54910657,3
,2023,8,Simcoe,1,,,,,,,,27.41459071,3
,2023,77,HBC 682,1,,,,,,,,30.70264622,3
,2023,Whitener,HBC 682,1,,,,,,,,33.74040936,3
,2023,5,Citra,1,,,,,,,,20.17467052,3
,2023,52,Citra,1,,,,,,,,39.18201681,3
,2023,64,Citra,1,,,,,,,,34.03350584,3
,2023,7 west,Talus,1,,,,,,,,28.34625991,3
,2023,83,HBC 586,2,,,,,,,,35.48636104,3
,2023,83,Talus,1,,,,,,,,66.06831988,3
,2023,84,HBC 586,1,,,,,,,,24.60613461,3
,2023,7 east,HBC 586,1,,,,,,,,24.38206107,3
,2023,Waterberry,HBC 586,2,,,,,,,,68.8568,3
,2023,Tri-40,HBC 638,1,,,,,,,,17.83765707,3
,2023,8,HBC 1019,1,,,,,,,,19.34878663,3
,2023,3,Simcoe,1,,,,,,,,50.87179648,1
,2023,# 47,Simcoe,1,,,,,,,,50.21909022,1
,2023,6,Simcoe,1,,,,,,,,33.3375,1
,2023,74,Simcoe,1,,,,,,,,39.62665505,1
,2023,# 81,Simcoe,1,,,,,,,,33.19102592,1
,2023,# 82,Simcoe,1,,,,,,,,30.02639369,1
,2023,17,Mosaic,1,,,,,,,,34.57592454,1
,2023,65,Mosaic,1,,,,,,,,23.68089855,1
,2023,66,Mosaic,1,,,,,,,,24.55155545,1
,2023,69,Mosaic,1,,,,,,,,36.74674894,1
,2023,70,Mosaic,1,,,,,,,,27.27207923,1
,2023,73,Mosaic,1,,,,,,,,24.56011818,1
,2023,80,Mosaic,2,,,,,,,,28.80675182,1
,2023,50,HBC 682,1,,,,,,,,34.24886285,1
,2023,67,HBC 682,1,,,,,,,,26.23875778,1
,2023,68,HBC 682,1,,,,,,,,32.781875,1
,2023,79,HBC 682,1,,,,,,,,29.87969121,1
,2023,Tri-40,Palisade,1,,,,,,,,19.97506173,1
,2023,1,Citra,1,,,,,,,,34.37642634,1
,2023,24,Citra,1,,,,,,,,39.94331916,1
,2023,Loc-40,Citra,1,,,,,,,,19.62494624,1
,2023,Rice-40,Citra,1,,,,,,,,26.31291349,1
,2023,78,Sabro,1,,,,,,,,23.13699822,1
,2023,84,Idaho 7,1,,,,,,,,14.58683213,1
,2023,Waterberry,HBC  522,2,,,,,,,,41.52152152,1
,2023,# 10,Simcoe,1,,,,,,,,32.23550036,1
,2023,BHM,Simcoe,1,,,,,,,,40.51728754,2
,2023,4,Simcoe,1,,,,,,,,29.05663673,2
,2023,11,Simcoe,1,,,,,,,,34.23938406,2
,2023,BHM,Mosaic,1,,,,,,,,33.9598,2
,2023,13,HBC 682,1,,,,,,,,27.15744125,2
,2023,13,Palisade,1,,,,,,,,24.68098698,2
,2023,BHM,Citra,1,,,,,,,,32.60692042,2
,2023,4,Citra,1,,,,,,,,37.28333031,2
,2023,9,Talus,1,,,,,,,,44.48868581,2
,2023,12,Cascade,1,,,,,,,,24.8466525,2
,2023,9,HBC  586,1,,,,,,,,35.50817868,2
